{
    "num_rounds": 10,
    "loss": [
        [1, 1.674476981163025],
        [2, 0.9817005515098571],
        [3, 0.8632248163223266],
        [4, 0.7617130637168884],
        [5, 0.7645150423049927],
        [6, 0.8352384448051453],
        [7, 0.7884837865829468],
        [8, 0.8373942732810974],
        [9, 0.9271421432495117],
        [10, 0.8093515515327454]
    ],
    "metrics": {
        "accuracy": [
            [1, 0.4948525867645258],
            [2, 0.6144633796108321],
            [3, 0.7098113534036665],
            [4, 0.7501790341876668],
            [5, 0.7383167266283998],
            [6, 0.7195104029761935],
            [7, 0.7558704681531991],
            [8, 0.7107667931217321],
            [9, 0.7090292638908856],
            [10, 0.7409061848694037]
        ],
        "f1_score": [
            [1, 0.0],
            [2, 0.0],
            [3, 0.0],
            [4, 0.0],
            [5, 0.0],
            [6, 0.0],
            [7, 0.0],
            [8, 0.0],
            [9, 0.0],
            [10, 0.0]
        ],
        "precision": [
            [1, 0.0],
            [2, 0.0],
            [3, 0.0],
            [4, 0.0],
            [5, 0.0],
            [6, 0.0],
            [7, 0.0],
            [8, 0.0],
            [9, 0.0],
            [10, 0.0]
        ],
        "recall": [
            [1, 0.0],
            [2, 0.0],
            [3, 0.0],
            [4, 0.0],
            [5, 0.0],
            [6, 0.0],
            [7, 0.0],
            [8, 0.0],
            [9, 0.0],
            [10, 0.0]
        ]
    }
}
