{
    "num_rounds": 3,
    "loss": [
        [
            1,
            1.149784803390503
        ],
        [
            2,
            0.8358498811721802
        ],
        [
            3,
            1.091030329465866
        ]
    ],
    "metrics": {
        "accuracy": [
            [
                1,
                0.6375
            ],
            [
                2,
                0.6884615384615385
            ],
            [
                3,
                0.5511702710101287
            ]
        ],
        "precision": [
            [
                1,
                0.0
            ],
            [
                2,
                0.0
            ],
            [
                3,
                0.0
            ]
        ],
        "recall": [
            [
                1,
                0.0
            ],
            [
                2,
                0.0
            ],
            [
                3,
                0.0
            ]
        ],
        "f1_score": [
            [
                1,
                0.0
            ],
            [
                2,
                0.0
            ],
            [
                3,
                0.0
            ]
        ]
    }
}