{
    "num_rounds": 10,
    "loss": [
      [1, 3.007016181945801],
      [2, 3.0277751684188843],
      [3, 3.507200598716736],
      [4, 3.536726951599121],
      [5, 3.2160232067108154],
      [6, 2.8256675004959106],
      [7, 2.328275740146637],
      [8, 3.370987296104431],
      [9, 1.479116678237915],
      [10, 2.7265087366104126]
    ],
    "metrics": {
      "accuracy": [
        [1, 0.19009852125863674],
        [2, 0.033121777072590244],
        [3, 0.07848470054335258],
        [4, 0.10546340293163614],
        [5, 0.10841910971285021],
        [6, 0.19676820649695018],
        [7, 0.2699210935763503],
        [8, 0.035536159600997506],
        [9, 0.37991144733755566],
        [10, 0.08139348817682372]
      ]
    }
  }
  