{
    "loss": [
      [
        1,
        2057.0709993362425
      ],
      [
        2,
        2.829093647003174
      ],
      [
        3,
        3.732009696960449
      ],
      [
        4,
        733.2559997558594
      ],
      [
        5,
        null
      ],
      [
        6,
        null
      ],
      [
        7,
        null
      ],
      [
        8,
        null
      ],
      [
        9,
        null
      ],
      [
        10,
        null
      ]
    ],
    "metrics": {
      "accuracy": [
        [
          1,
          0.3327984404949721
        ],
        [
          2,
          0.255655396880077
        ],
        [
          3,
          0.16142317556685148
        ],
        [
          4,
          0.2913300146167795
        ],
        [
          5,
          0.09067604254743664
        ],
        [
          6,
          0.13190137295011312
        ],
        [
          7,
          0.03141269485289798
        ],
        [
          8,
          0.17363084538168788
        ],
        [
          9,
          0.10661214770098884
        ],
        [
          10,
          0.09608229157656996
        ]
      ],
      "f1_score": [
        [
          1,
          0.0
        ],
        [
          2,
          0.0
        ],
        [
          3,
          0.0
        ],
        [
          4,
          0.0
        ],
        [
          5,
          0.0
        ],
        [
          6,
          0.0
        ],
        [
          7,
          0.0
        ],
        [
          8,
          0.0
        ],
        [
          9,
          0.0
        ],
        [
          10,
          0.0
        ]
      ],
      "precision": [
        [
          1,
          0.0
        ],
        [
          2,
          0.0
        ],
        [
          3,
          0.0
        ],
        [
          4,
          0.0
        ],
        [
          5,
          0.0
        ],
        [
          6,
          0.0
        ],
        [
          7,
          0.0
        ],
        [
          8,
          0.0
        ],
        [
          9,
          0.0
        ],
        [
          10,
          0.0
        ]
      ],
      "recall": [
        [
          1,
          0.0
        ],
        [
          2,
          0.0
        ],
        [
          3,
          0.0
        ],
        [
          4,
          0.0
        ],
        [
          5,
          0.0
        ],
        [
          6,
          0.0
        ],
        [
          7,
          0.0
        ],
        [
          8,
          0.0
        ],
        [
          9,
          0.0
        ],
        [
          10,
          0.0
        ]
      ]
    }
  }