{
    "num_rounds": 50,
    "loss": [
      [1, 1.072238483788009],
      [2, 0.9980865586902959],
      [3, 0.9306892561795089],
      [4, 0.8931104686795449],
      [5, 0.8523412590543625],
      [6, 0.844291286599376],
      [7, 0.825289473745036],
      [8, 0.8763005335007144],
      [9, 0.9374068520339252],
      [10, 0.848648269565738],
      [11, 0.8236631248972098],
      [12, 0.846288195971785],
      [13, 0.871729718934139],
      [14, 0.906560389446927],
      [15, 0.9273641897204222],
      [16, 1.0064843389704394],
      [17, 0.9644989505525545],
      [18, 0.8943585528193184],
      [19, 0.8958033382011752],
      [20, 0.8930698123135926],
      [21, 0.9088187685824883],
      [22, 0.903789955952233],
      [23, 0.9516724576671555],
      [24, 0.897720548906937],
      [25, 0.8830842059066311],
      [26, 0.886506227940258],
      [27, 0.8981295723801008],
      [28, 0.9098546506652188],
      [29, 0.8643000421181772],
      [30, 0.857462727797023],
      [31, 0.8569210289566556],
      [32, 0.8655774699895001],
      [33, 0.8685741036983546],
      [34, 0.9182336482256755],
      [35, 0.8724755991688083],
      [36, 0.8659129943921481],
      [37, 0.8779809480817448],
      [38, 0.9110648358145035],
      [39, 0.9119278539409946],
      [40, 0.9050608175393144],
      [41, 0.8874051316702223],
      [42, 0.9076858817230724],
      [43, 0.8734396975448147],
      [44, 0.8640958817386023],
      [45, 0.8722713581698617],
      [46, 0.8559499062928073],
      [47, 0.9383816072674053],
      [48, 0.8838168915353302],
      [49, 0.8635685797898724],
      [50, 0.9304609503400402]
    ],
    "metrics": {
      "accuracy": [
        [1, 0.6321],
        [2, 0.6674],
        [3, 0.6952],
        [4, 0.7108],
        [5, 0.7223],
        [6, 0.7267],
        [7, 0.7319],
        [8, 0.7254],
        [9, 0.7131],
        [10, 0.7285],
        [11, 0.7342],
        [12, 0.7299],
        [13, 0.7187],
        [14, 0.7041],
        [15, 0.6958],
        [16, 0.6715],
        [17, 0.6847],
        [18, 0.7052],
        [19, 0.7013],
        [20, 0.7059],
        [21, 0.7024],
        [22, 0.7058],
        [23, 0.6934],
        [24, 0.7099],
        [25, 0.7158],
        [26, 0.7123],
        [27, 0.7098],
        [28, 0.7051],
        [29, 0.7235],
        [30, 0.7277],
        [31, 0.7299],
        [32, 0.7261],
        [33, 0.7223],
        [34, 0.7026],
        [35, 0.7191],
        [36, 0.7264],
        [37, 0.7176],
        [38, 0.7102],
        [39, 0.7084],
        [40, 0.7118],
        [41, 0.7206],
        [42, 0.7133],
        [43, 0.7217],
        [44, 0.7238],
        [45, 0.7184],
        [46, 0.7293],
        [47, 0.7017],
        [48, 0.7175],
        [49, 0.7236],
        [50, 0.7094]
      ]
    }
  }
  