{
    "loss": [
      [
        1,
        4.990332317352295
      ],
      [
        2,
        1.0117809295654296
      ],
      [
        3,
        4.125790596008301
      ],
      [
        4,
        1.2506382703781127
      ],
      [
        5,
        1.0751438975334167
      ],
      [
        6,
        3.99184832572937
      ],
      [
        7,
        1.0414323568344117
      ],
      [
        8,
        1.1233686685562134
      ],
      [
        9,
        1.1509337425231934
      ],
      [
        10,
        1.1070361137390137
      ]
    ],
    "metrics": {
      "accuracy": [
        [
          1,
          0.008181889110883295
        ],
        [
          2,
          0.6373089083948307
        ],
        [
          3,
          0.03262185933303918
        ],
        [
          4,
          0.5026138113376903
        ],
        [
          5,
          0.6332231329074052
        ],
        [
          6,
          0.024203656605713976
        ],
        [
          7,
          0.6181077303104325
        ],
        [
          8,
          0.6032793291259029
        ],
        [
          9,
          0.5750529841036438
        ],
        [
          10,
          0.6170632242084935
        ]
      ],
      "f1_score": [
        [
          1,
          0.0
        ],
        [
          2,
          0.0
        ],
        [
          3,
          0.0
        ],
        [
          4,
          0.0
        ],
        [
          5,
          0.0
        ],
        [
          6,
          0.0
        ],
        [
          7,
          0.0
        ],
        [
          8,
          0.0
        ],
        [
          9,
          0.0
        ],
        [
          10,
          0.0
        ]
      ],
      "precision": [
        [
          1,
          0.0
        ],
        [
          2,
          0.0
        ],
        [
          3,
          0.0
        ],
        [
          4,
          0.0
        ],
        [
          5,
          0.0
        ],
        [
          6,
          0.0
        ],
        [
          7,
          0.0
        ],
        [
          8,
          0.0
        ],
        [
          9,
          0.0
        ],
        [
          10,
          0.0
        ]
      ],
      "recall": [
        [
          1,
          0.0
        ],
        [
          2,
          0.0
        ],
        [
          3,
          0.0
        ],
        [
          4,
          0.0
        ],
        [
          5,
          0.0
        ],
        [
          6,
          0.0
        ],
        [
          7,
          0.0
        ],
        [
          8,
          0.0
        ],
        [
          9,
          0.0
        ],
        [
          10,
          0.0
        ]
      ]
    }
  }