{
    "loss": [
      [
        1,
        1.5711061716079713
      ],
      [
        2,
        0.7542859673500061
      ],
      [
        3,
        0.880016827583313
      ],
      [
        4,
        0.8328669786453247
      ],
      [
        5,
        0.8335118889808655
      ],
      [
        6,
        0.671905791759491
      ],
      [
        7,
        0.7913519740104675
      ],
      [
        8,
        0.8100780725479126
      ],
      [
        9,
        0.7480020403862
      ],
      [
        10,
        0.8739763736724854
      ]
    ],
    "metrics": {
      "accuracy": [
        [
          1,
          0.5181860122144467
        ],
        [
          2,
          0.7719120574508904
        ],
        [
          3,
          0.6822668181865248
        ],
        [
          4,
          0.6858773243099225
        ],
        [
          5,
          0.6953194473506785
        ],
        [
          6,
          0.7575172100962055
        ],
        [
          7,
          0.7070245244664436
        ],
        [
          8,
          0.7074066136592132
        ],
        [
          9,
          0.7387288713179778
        ],
        [
          10,
          0.6736070828437343
        ]
      ],
      "f1_score": [
        [
          1,
          0.0
        ],
        [
          2,
          0.0
        ],
        [
          3,
          0.0
        ],
        [
          4,
          0.0
        ],
        [
          5,
          0.0
        ],
        [
          6,
          0.0
        ],
        [
          7,
          0.0
        ],
        [
          8,
          0.0
        ],
        [
          9,
          0.0
        ],
        [
          10,
          0.0
        ]
      ],
      "precision": [
        [
          1,
          0.0
        ],
        [
          2,
          0.0
        ],
        [
          3,
          0.0
        ],
        [
          4,
          0.0
        ],
        [
          5,
          0.0
        ],
        [
          6,
          0.0
        ],
        [
          7,
          0.0
        ],
        [
          8,
          0.0
        ],
        [
          9,
          0.0
        ],
        [
          10,
          0.0
        ]
      ],
      "recall": [
        [
          1,
          0.0
        ],
        [
          2,
          0.0
        ],
        [
          3,
          0.0
        ],
        [
          4,
          0.0
        ],
        [
          5,
          0.0
        ],
        [
          6,
          0.0
        ],
        [
          7,
          0.0
        ],
        [
          8,
          0.0
        ],
        [
          9,
          0.0
        ],
        [
          10,
          0.0
        ]
      ]
    }
  }