{
    "num_rounds": 10,
    "loss": [
      [1, 1.6532936573028565],
      [2, 0.9368340849876404],
      [3, 1.385280442237854],
      [4, 0.7858359694480896],
      [5, 0.8717094182968139],
      [6, 0.832929253578186],
      [7, 0.8454209089279174],
      [8, 0.7342516541481018],
      [9, 1.1297874212265016],
      [10, 0.8801589250564575]
    ],
    "metrics": {
      
      "accuracy": [
        [1, 0.4964152594310126],
        [2, 0.6730207242628559],
        [3, 0.4387918026346731],
        [4, 0.7220213924132112],
        [5, 0.7016603877914773],
        [6, 0.7049976588891445],
        [7, 0.7169423887202176],
        [8, 0.7408314070172981],
        [9, 0.5882502416714905],
        [10, 0.6860833105138868]
      ],
      "f1_score": [
        [1, 0.0],
        [2, 0.0],
        [3, 0.0],
        [4, 0.0],
        [5, 0.0],
        [6, 0.0],
        [7, 0.0],
        [8, 0.0],
        [9, 0.0],
        [10, 0.0]
      ],
      "precision": [
        [1, 0.0],
        [2, 0.0],
        [3, 0.0],
        [4, 0.0],
        [5, 0.0],
        [6, 0.0],
        [7, 0.0],
        [8, 0.0],
        [9, 0.0],
        [10, 0.0]
      ],
      "recall": [
        [1, 0.0],
        [2, 0.0],
        [3, 0.0],
        [4, 0.0],
        [5, 0.0],
        [6, 0.0],
        [7, 0.0],
        [8, 0.0],
        [9, 0.0],
        [10, 0.0]
      ]
    }
  }
  