{
    "num_rounds": 10,
    "loss": [
      [1, 1.2156988978385925],
      [2, 1.0609903931617737],
      [3, 1.212392270565033],
      [4, 1.208256483078003],
      [5, 1.1928904056549072],
      [6, 1.075512856245041],
      [7, 1.29808509349823],
      [8, 1.3450626134872437],
      [9, 1.0990983843803406],
      [10, 1.2028916478157043]
    ],
    "metrics": {
  "accuracy": [
    [1, 0.517566081457916],
    [2, 0.6091572681852531],
    [3, 0.5458555165421977],
    [4, 0.47872510899022036],
    [5, 0.611593846745608],
    [6, 0.6785866291066172],
    [7, 0.44234619785249074],
    [8, 0.5222843268321862],
    [9, 0.6160691150340083],
    [10, 0.5721701206157963]
  ] 
 }
}
  