{
    "num_rounds": 15,
    "loss": [
      [1, 1.8054946603775024],
      [2, 1.3608391380310059],
      [3, 1.398967757987976],
      [4, 1.4450915870666503],
      [5, 1.4052326028823852],
      [6, 1.3641189414978028],
      [7, 1.3309303241729735],
      [8, 1.3102865602493285],
      [9, 1.2680619930267334],
      [10, 1.4051208309173584],
      [11, 1.2621495912551879],
      [12, 1.2445343156814574],
      [13, 1.3447504001617432],
      [14, 1.2611851836204528],
      [15, 1.3337623363494873]
    ],
    "metrics": {
      "accuracy": [
        [1, 0.4998],
        [2, 0.5838],
        [3, 0.5948],
        [4, 0.5692],
        [5, 0.5804],
        [6, 0.6049],
        [7, 0.6019],
        [8, 0.5948],
        [9, 0.6033],
        [10, 0.5953],
        [11, 0.5933],
        [12, 0.6047],
        [13, 0.6159],
        [14, 0.602],
        [15, 0.5645]
      ]
    }
  }
  