{
    "num_rounds": 50,
    "loss": [
        [
            1,
            2.236480236053467
        ],
        [
            2,
            2.0021084547042847
        ],
        [
            3,
            1.3434005975723267
        ],
        [
            4,
            1.0338579416275024
        ],
        [
            5,
            0.9036867320537567
        ],
        [
            6,
            0.844087153673172
        ],
        [
            7,
            0.7974959313869476
        ],
        [
            8,
            0.8105775713920593
        ],
        [
            9,
            0.7764157950878143
        ],
        [
            10,
            0.7130683064460754
        ],
        [
            11,
            0.7331060171127319
        ],
        [
            12,
            0.7273911237716675
        ],
        [
            13,
            0.6791487634181976
        ],
        [
            14,
            0.6831243932247162
        ],
        [
            15,
            0.6574080884456635
        ],
        [
            16,
            0.6688428223133087
        ],
        [
            17,
            0.6446800827980042
        ],
        [
            18,
            0.6909805238246918
        ],
        [
            19,
            0.6318182647228241
        ],
        [
            20,
            0.6484840214252472
        ],
        [
            21,
            0.6245575845241547
        ],
        [
            22,
            0.6525474190711975
        ],
        [
            23,
            0.6133075058460236
        ],
        [
            24,
            0.5988510251045227
        ],
        [
            25,
            0.6028963029384613
        ],
        [
            26,
            0.5892149806022644
        ],
        [
            27,
            0.6251266598701477
        ],
        [
            28,
            0.6080242693424225
        ],
        [
            29,
            0.6161043345928192
        ],
        [
            30,
            0.6142002046108246
        ],
        [
            31,
            0.5727821290493011
        ],
        [
            32,
            0.5659509599208832
        ],
        [
            33,
            0.5669156014919281
        ],
        [
            34,
            0.5533694922924042
        ],
        [
            35,
            0.5589906275272369
        ],
        [
            36,
            0.5761145651340485
        ],
        [
            37,
            0.5449434816837311
        ],
        [
            38,
            0.544569343328476
        ],
        [
            39,
            0.566921055316925
        ],
        [
            40,
            0.5369537770748138
        ],
        [
            41,
            0.5411640405654907
        ],
        [
            42,
            0.5233820676803589
        ],
        [
            43,
            0.527559220790863
        ],
        [
            44,
            0.527178943157196
        ],
        [
            45,
            0.5237267464399338
        ],
        [
            46,
            0.5356812030076981
        ],
        [
            47,
            0.5220380872488022
        ],
        [
            48,
            0.5031782686710358
        ],
        [
            49,
            0.5229779630899429
        ],
        [
            50,
            0.5106306821107864
        ]
    ],
    "metrics": {
        "accuracy": [
            [
                1,
                0.15945576871835865
            ],
            [
                2,
                0.4774152899902301
            ],
            [
                3,
                0.5699773514521715
            ],
            [
                4,
                0.5741656674660272
            ],
            [
                5,
                0.636038391509015
            ],
            [
                6,
                0.6617567057465139
            ],
            [
                7,
                0.6870697886135536
            ],
            [
                8,
                0.6918409716671108
            ],
            [
                9,
                0.7019245714539479
            ],
            [
                10,
                0.7467137401190159
            ],
            [
                11,
                0.7156080691002753
            ],
            [
                12,
                0.7288447020161648
            ],
            [
                13,
                0.7536554090061285
            ],
            [
                14,
                0.7351507682742695
            ],
            [
                15,
                0.756356026290079
            ],
            [
                16,
                0.7354671818101075
            ],
            [
                17,
                0.7631672439825917
            ],
            [
                18,
                0.7449179545252687
            ],
            [
                19,
                0.7685601518784972
            ],
            [
                20,
                0.7559646727062794
            ],
            [
                21,
                0.7632310818012258
            ],
            [
                22,
                0.7594979571898037
            ],
            [
                23,
                0.7734479083399947
            ],
            [
                24,
                0.7831540323296918
            ],
            [
                25,
                0.7807087663202772
            ],
            [
                26,
                0.78315125677236
            ],
            [
                27,
                0.7529504174438227
            ],
            [
                28,
                0.7637417843502976
            ],
            [
                29,
                0.7583516520117239
            ],
            [
                30,
                0.7726735278443913
            ],
            [
                31,
                0.7902844391153743
            ],
            [
                32,
                0.7942035260680345
            ],
            [
                33,
                0.7870148325783817
            ],
            [
                34,
                0.7949112931876721
            ],
            [
                35,
                0.7890659694466648
            ],
            [
                36,
                0.7863709032773781
            ],
            [
                37,
                0.7985778044231282
            ],
            [
                38,
                0.8067990052402523
            ],
            [
                39,
                0.7936955990762945
            ],
            [
                40,
                0.8047450928146371
            ],
            [
                41,
                0.8035238475885957
            ],
            [
                42,
                0.8095662359001687
            ],
            [
                43,
                0.8081534772182254
            ],
            [
                44,
                0.8094357847055689
            ],
            [
                45,
                0.8068656186162182
            ],
            [
                46,
                0.8048727684519051
            ],
            [
                47,
                0.8075095479172217
            ],
            [
                48,
                0.8206851185718091
            ],
            [
                49,
                0.8033323341326939
            ],
            [
                50,
                0.8166966426858513
            ]
        ],