{
    "loss": [
      [
        1,
        2.1000309944152833
      ],
      [
        2,
        0.8263788223266602
      ],
      [
        3,
        0.7125349044799805
      ],
      [
        4,
        0.7091343522071838
      ],
      [
        5,
        0.7032021284103394
      ],
      [
        6,
        0.7226995348930358
      ],
      [
        7,
        0.6773426532745361
      ],
      [
        8,
        0.7237919569015503
      ],
      [
        9,
        0.7270659565925598
      ],
      [
        10,
        0.6988506555557251
      ]
    ],
    "metrics": {
      "accuracy": [
        [
          1,
          0.33434043046909895
        ],
        [
          2,
          0.7025791517388525
        ],
        [
          3,
          0.742394424353918
        ],
        [
          4,
          0.7568695525593483
        ],
        [
          5,
          0.7589005395642928
        ],
        [
          6,
          0.7405367466714509
        ],
        [
          7,
          0.7756232641213463
        ],
        [
          8,
          0.7592015990262737
        ],
        [
          9,
          0.7668219747059644
        ],
        [
          10,
          0.770494968722082
        ]
      ],
      "f1_score": [
        [
          1,
          0.0
        ],
        [
          2,
          0.0
        ],
        [
          3,
          0.0
        ],
        [
          4,
          0.0
        ],
        [
          5,
          0.0
        ],
        [
          6,
          0.0
        ],
        [
          7,
          0.0
        ],
        [
          8,
          0.0
        ],
        [
          9,
          0.0
        ],
        [
          10,
          0.0
        ]
      ],
      "precision": [
        [
          1,
          0.0
        ],
        [
          2,
          0.0
        ],
        [
          3,
          0.0
        ],
        [
          4,
          0.0
        ],
        [
          5,
          0.0
        ],
        [
          6,
          0.0
        ],
        [
          7,
          0.0
        ],
        [
          8,
          0.0
        ],
        [
          9,
          0.0
        ],
        [
          10,
          0.0
        ]
      ],
      "recall": [
        [
          1,
          0.0
        ],
        [
          2,
          0.0
        ],
        [
          3,
          0.0
        ],
        [
          4,
          0.0
        ],
        [
          5,
          0.0
        ],
        [
          6,
          0.0
        ],
        [
          7,
          0.0
        ],
        [
          8,
          0.0
        ],
        [
          9,
          0.0
        ],
        [
          10,
          0.0
        ]
      ]
    }
  }