{
    "num_rounds": 10,
    "loss": [
      [1, 1.7789517402648927],
      [2, 2.5671855926513674],
      [3, 1.0882274389266968],
      [4, 1.8983498811721802],
      [5, 1.231673789024353],
      [6, 1.5939852714538574],
      [7, 1.7148274183273315],
      [8, 0.9049117922782898],
      [9, 1.326440727710724],
      [10, 1.1829397797584533]
    ],
    "metrics": {
      
      "accuracy": [
        [1, 0.32515832210008694],
        [2, 0.13187402689057912],
        [3, 0.6130920714214684],
        [4, 0.19607402493455967],
        [5, 0.6073597945184857],
        [6, 0.3286199752109883],
        [7, 0.2956898041140642],
        [8, 0.7341225456864204],
        [9, 0.49247352820202295],
        [10, 0.560269461924686]
      ],
      "f1_score": [
        [1, 0.0],
        [2, 0.0],
        [3, 0.0],
        [4, 0.0],
        [5, 0.0],
        [6, 0.0],
        [7, 0.0],
        [8, 0.0],
        [9, 0.0],
        [10, 0.0]
      ],
      "precision": [
        [1, 0.0],
        [2, 0.0],
        [3, 0.0],
        [4, 0.0],
        [5, 0.0],
        [6, 0.0],
        [7, 0.0],
        [8, 0.0],
        [9, 0.0],
        [10, 0.0]
      ],
      "recall": [
        [1, 0.0],
        [2, 0.0],
        [3, 0.0],
        [4, 0.0],
        [5, 0.0],
        [6, 0.0],
        [7, 0.0],
        [8, 0.0],
        [9, 0.0],
        [10, 0.0]
      ]
    }
  }
  