{
    "loss": [
      [
        1,
        4.819352483749389
      ],
      [
        2,
        2.252837586402893
      ],
      [
        3,
        2.276166296005249
      ],
      [
        4,
        2.537297320365906
      ],
      [
        5,
        2.0215286016464233
      ],
      [
        6,
        1.9638402700424193
      ],
      [
        7,
        2.4178988695144654
      ],
      [
        8,
        2.009119915962219
      ],
      [
        9,
        1.8455955266952515
      ],
      [
        10,
        1.551523172855377
      ]
    ],
    "metrics": {
      "accuracy": [
        [
          1,
          0.1032808501713108
        ],
        [
          2,
          0.2318384725583012
        ],
        [
          3,
          0.17025190215208308
        ],
        [
          4,
          0.23924403270015976
        ],
        [
          5,
          0.36009110065201694
        ],
        [
          6,
          0.2898704309816476
        ],
        [
          7,
          0.2870189542278877
        ],
        [
          8,
          0.4874952396363105
        ],
        [
          9,
          0.31678047922749963
        ],
        [
          10,
          0.38057174733837396
        ]
      ],
      "f1_score": [
        [
          1,
          0.0
        ],
        [
          2,
          0.0
        ],
        [
          3,
          0.0
        ],
        [
          4,
          0.0
        ],
        [
          5,
          0.0
        ],
        [
          6,
          0.0
        ],
        [
          7,
          0.0
        ],
        [
          8,
          0.0
        ],
        [
          9,
          0.0
        ],
        [
          10,
          0.0
        ]
      ],
      "precision": [
        [
          1,
          0.0
        ],
        [
          2,
          0.0
        ],
        [
          3,
          0.0
        ],
        [
          4,
          0.0
        ],
        [
          5,
          0.0
        ],
        [
          6,
          0.0
        ],
        [
          7,
          0.0
        ],
        [
          8,
          0.0
        ],
        [
          9,
          0.0
        ],
        [
          10,
          0.0
        ]
      ],
      "recall": [
        [
          1,
          0.0
        ],
        [
          2,
          0.0
        ],
        [
          3,
          0.0
        ],
        [
          4,
          0.0
        ],
        [
          5,
          0.0
        ],
        [
          6,
          0.0
        ],
        [
          7,
          0.0
        ],
        [
          8,
          0.0
        ],
        [
          9,
          0.0
        ],
        [
          10,
          0.0
        ]
      ]
    }
  }