{
    "loss": [
      [
        1,
        1.3367112159729004
      ],
      [
        2,
        0.8946197152137756
      ],
      [
        3,
        0.8194698929786682
      ],
      [
        4,
        0.7698952436447144
      ],
      [
        5,
        0.9301239848136902
      ],
      [
        6,
        1.034951388835907
      ],
      [
        7,
        0.866514253616333
      ],
      [
        8,
        0.7675310254096985
      ],
      [
        9,
        0.7451119065284729
      ],
      [
        10,
        0.79761244058609
      ]
    ],
    "metrics": {
      "accuracy": [
        [
          1,
          0.5989948916962051
        ],
        [
          2,
          0.6386725453526629
        ],
        [
          3,
          0.7056578357163209
        ],
        [
          4,
          0.7468682290920581
        ],
        [
          5,
          0.7127559031835531
        ],
        [
          6,
          0.6147038429581065
        ],
        [
          7,
          0.6636817394554569
        ],
        [
          8,
          0.7250431172015452
        ],
        [
          9,
          0.7718356173464509
        ],
        [
          10,
          0.7197729430696332
        ]
      ],
      "f1_score": [
        [
          1,
          0.0
        ],
        [
          2,
          0.0
        ],
        [
          3,
          0.0
        ],
        [
          4,
          0.0
        ],
        [
          5,
          0.0
        ],
        [
          6,
          0.0
        ],
        [
          7,
          0.0
        ],
        [
          8,
          0.0
        ],
        [
          9,
          0.0
        ],
        [
          10,
          0.0
        ]
      ],
      "precision": [
        [
          1,
          0.0
        ],
        [
          2,
          0.0
        ],
        [
          3,
          0.0
        ],
        [
          4,
          0.0
        ],
        [
          5,
          0.0
        ],
        [
          6,
          0.0
        ],
        [
          7,
          0.0
        ],
        [
          8,
          0.0
        ],
        [
          9,
          0.0
        ],
        [
          10,
          0.0
        ]
      ],
      "recall": [
        [
          1,
          0.0
        ],
        [
          2,
          0.0
        ],
        [
          3,
          0.0
        ],
        [
          4,
          0.0
        ],
        [
          5,
          0.0
        ],
        [
          6,
          0.0
        ],
        [
          7,
          0.0
        ],
        [
          8,
          0.0
        ],
        [
          9,
          0.0
        ],
        [
          10,
          0.0
        ]
      ]
    }
  }