{
    "num_rounds": 50,
    "loss": [
        [
            1,
            2.2107784748077393
        ],
        [
            2,
            1.8910819292068481
        ],
        [
            3,
            1.1969326734542847
        ],
        [
            4,
            0.9566725790500641
        ],
        [
            5,
            0.8356574773788452
        ],
        [
            6,
            0.8323141932487488
        ],
        [
            7,
            0.8520089089870453
        ],
        [
            8,
            0.7621504664421082
        ],
        [
            9,
            0.7086614072322845
        ],
        [
            10,
            0.7714012265205383
        ],
        [
            11,
            0.6557404100894928
        ],
        [
            12,
            0.654160887002945
        ],
        [
            13,
            0.6529185771942139
        ],
        [
            14,
            0.6224230527877808
        ],
        [
            15,
            0.6533988416194916
        ],
        [
            16,
            0.5973963439464569
        ],
        [
            17,
            0.5888945162296295
        ],
        [
            18,
            0.5814141631126404
        ],
        [
            19,
            0.5708698332309723
        ],
        [
            20,
            0.6465284824371338
        ],
        [
            21,
            0.6188371777534485
        ],
        [
            22,
            0.6114233136177063
        ],
        [
            23,
            0.5436703860759735
        ],
        [
            24,
            0.5444827079772949
        ],
        [
            25,
            0.534007728099823
        ],
        [
            26,
            0.5405642986297607
        ],
        [
            27,
            0.5192864835262299
        ],
        [
            28,
            0.605438232421875
        ],
        [
            29,
            0.530642032623291
        ],
        [
            30,
            0.5395025610923767
        ],
        [
            31,
            0.5191503763198853
        ],
        [
            32,
            0.55729541182518
        ],
        [
            33,
            0.4978821575641632
        ],
        [
            34,
            0.4918556660413742
        ],
        [
            35,
            0.5112567245960236
        ],
        [
            36,
            0.49589191377162933
        ],
        [
            37,
            0.5067687779664993
        ],
        [
            38,
            0.4878012090921402
        ],
        [
            39,
            0.48876866698265076
        ],
        [
            40,
            0.4706125110387802
        ],
        [
            41,
            0.5046143680810928
        ],
        [
            42,
            0.4954375922679901
        ],
        [
            43,
            0.4658956378698349
        ],
        [
            44,
            0.4695623964071274
        ],
        [
            45,
            0.48320430517196655
        ],
        [
            46,
            0.45042483508586884
        ],
        [
            47,
            0.489396408200264
        ],
        [
            48,
            0.4575103223323822
        ],
        [
            49,
            0.505322739481926
        ],
        [
            50,
            0.4534918814897537
        ]
    ],
    "metrics": {
        "accuracy": [
            [
                1,
                0.18595679012345678
            ],
            [
                2,
                0.4742345012878586
            ],
            [
                3,
                0.5974220623501199
            ],
            [
                4,
                0.6433797406519228
            ],
            [
                5,
                0.6781352695621281
            ],
            [
                6,
                0.6598443467448264
            ],
            [
                7,
                0.6577182698285815
            ],
            [
                8,
                0.7108618660627054
            ],
            [
                9,
                0.7600891509015011
            ],
            [
                10,
                0.7163713473665512
            ],
            [
                11,
                0.7652905453415045
            ],
            [
                12,
                0.7588068434141575
            ],
            [
                13,
                0.7703032018829381
            ],
            [
                14,
                0.7770533573141487
            ],
            [
                15,
                0.753794186872724
            ],
            [
                16,
                0.7846361799449328
            ],
            [
                17,
                0.7855299094058087
            ],
            [
                18,
                0.7943395283772982
            ],
            [
                19,
                0.7871425082156498
            ],
            [
                20,
                0.7446070921040945
            ],
            [
                21,
                0.7846916910915711
            ],
            [
                22,
                0.7627287059241495
            ],
            [
                23,
                0.8052641220357049
            ],
            [
                24,
                0.7998046007638333
            ],
            [
                25,
                0.8030159205968559
            ],
            [
                26,
                0.8065547561950439
            ],
            [
                27,
                0.8091887601030286
            ],
            [
                28,
                0.7601613153921307
            ],
            [
                29,
                0.8094413358202327
            ],
            [
                30,
                0.7881084021671552
            ],
            [
                31,
                0.8097605249134026
            ],
            [
                32,
                0.7787325694999556
            ],
            [
                33,
                0.8196609379163335
            ],
            [
                34,
                0.8203020916600053
            ],
            [
                35,
                0.8165051292299494
            ],
            [
                36,
                0.8188282707167599
            ],
            [
                37,
                0.8085392796873612
            ],
            [
                38,
                0.8134936495248246
            ],
            [
                39,
                0.816957545075051
            ],
            [
                40,
                0.8244154676258992
            ],
            [
                41,
                0.8030214717115196
            ],
            [
                42,
                0.8074540367705836
            ],
            [
                43,
                0.8247429833910649
            ],
            [
                44,
                0.8251260103028688
            ],
            [
                45,
                0.8211985966782129
            ],
            [
                46,
                0.8295585753619327
            ],
            [
                47,
                0.8084809929833912
            ],
            [
                48,
                0.8246680433431033
            ],
            [
                49,
                0.7926797450928147
            ],
            [
                50,
                0.8358563149480416
            ]
        ],