{
    "num_rounds": 50,
    "loss": [
        [
            1,
            2.2332403659820557
        ],
        [
            2,
            1.9891129732131958
        ],
        [
            3,
            1.2529097199440002
        ],
        [
            4,
            0.953190803527832
        ],
        [
            5,
            0.9467406868934631
        ],
        [
            6,
            0.8350417613983154
        ],
        [
            7,
            0.8753735721111298
        ],
        [
            8,
            0.7406318783760071
        ],
        [
            9,
            0.7384158074855804
        ],
        [
            10,
            0.7145385444164276
        ],
        [
            11,
            0.7075456082820892
        ],
        [
            12,
            0.7129070460796356
        ],
        [
            13,
            0.6917988359928131
        ],
        [
            14,
            0.6765208542346954
        ],
        [
            15,
            0.6394073367118835
        ],
        [
            16,
            0.6204918622970581
        ],
        [
            17,
            0.6176841259002686
        ],
        [
            18,
            0.6366152465343475
        ],
        [
            19,
            0.600896805524826
        ],
        [
            20,
            0.5927050411701202
        ],
        [
            21,
            0.6080029308795929
        ],
        [
            22,
            0.6172929108142853
        ],
        [
            23,
            0.6375599801540375
        ],
        [
            24,
            0.6459254622459412
        ],
        [
            25,
            0.6049185693264008
        ],
        [
            26,
            0.5666765570640564
        ],
        [
            27,
            0.564571887254715
        ],
        [
            28,
            0.5652942955493927
        ],
        [
            29,
            0.5564669668674469
        ],
        [
            30,
            0.5794132053852081
        ],
        [
            31,
            0.5684199631214142
        ],
        [
            32,
            0.5424506664276123
        ],
        [
            33,
            0.5796346068382263
        ],
        [
            34,
            0.5329534113407135
        ],
        [
            35,
            0.5531216561794281
        ],
        [
            36,
            0.56024369597435
        ],
        [
            37,
            0.5292443931102753
        ],
        [
            38,
            0.5185728371143341
        ],
        [
            39,
            0.5420567989349365
        ],
        [
            40,
            0.5320084095001221
        ],
        [
            41,
            0.5160524249076843
        ],
        [
            42,
            0.5290215313434601
        ],
        [
            43,
            0.5405849516391754
        ],
        [
            44,
            0.5041211545467377
        ],
        [
            45,
            0.5155761539936066
        ],
        [
            46,
            0.49800221621990204
        ],
        [
            47,
            0.50026935338974
        ],
        [
            48,
            0.4987502545118332
        ],
        [
            49,
            0.5223708152770996
        ],
        [
            50,
            0.519345834851265
        ]
    ],
    "metrics": {
        "accuracy": [
            [
                1,
                0.29475308641975306
            ],
            [
                2,
                0.49151234567901236
            ],
            [
                3,
                0.5764221955768718
            ],
            [
                4,
                0.6302069455546674
            ],
            [
                5,
                0.6449867883471001
            ],
            [
                6,
                0.6699168443023359
            ],
            [
                7,
                0.6875249800159873
            ],
            [
                8,
                0.736366462385647
            ],
            [
                9,
                0.718056110667022
            ],
            [
                10,
                0.7394528821387334
            ],
            [
                11,
                0.7193467448263611
            ],
            [
                12,
                0.715616395772271
            ],
            [
                13,
                0.7370076161293188
            ],
            [
                14,
                0.75050792699174
            ],
            [
                15,
                0.7650351940669686
            ],
            [
                16,
                0.764330202504663
            ],
            [
                17,
                0.7667699173994138
            ],
            [
                18,
                0.7602862154720668
            ],
            [
                19,
                0.7673555599964473
            ],
            [
                20,
                0.7749300559552358
            ],
            [
                21,
                0.7704974908961719
            ],
            [
                22,
                0.76214861444178
            ],
            [
                23,
                0.759900413002931
            ],
            [
                24,
                0.743643973709921
            ],
            [
                25,
                0.780458966160405
            ],
            [
                26,
                0.790359379163336
            ],
            [
                27,
                0.7888161692867928
            ],
            [
                28,
                0.7881111777244871
            ],
            [
                29,
                0.7916444622080113
            ],
            [
                30,
                0.7800121014299671
            ],
            [
                31,
                0.781943889332978
            ],
            [
                32,
                0.8021804778399502
            ],
            [
                33,
                0.7726929567457146
            ],
            [
                34,
                0.7977479127808864
            ],
            [
                35,
                0.7899680255795364
            ],
            [
                36,
                0.7879807265298873
            ],
            [
                37,
                0.7985222932764899
            ],
            [
                38,
                0.8097022382094325
            ],
            [
                39,
                0.7915778488320455
            ],
            [
                40,
                0.7913918864908074
            ],
            [
                41,
                0.8067490452082778
            ],
            [
                42,
                0.7994271249666933
            ],
            [
                43,
                0.7990329958255618
            ],
            [
                44,
                0.814712119193534
            ],
            [
                45,
                0.8116978639310773
            ],
            [
                46,
                0.8108624211741717
            ],
            [
                47,
                0.8120142774669153
            ],
            [
                48,
                0.806488142819078
            ],
            [
                49,
                0.7994826361133316
            ],
            [
                50,
                0.8035349498179234
            ]
        ],