{"accuracy": [[1, 0.4645248251841263], [2, 0.07785792470612872], [3, 0.1468295290760848], [4, 0.13068594102553815], [5, 0.09267733978033771], [6, 0.12338008399558895], [7, 0.09147707990234996], [8, 0.09858884269480062], [9, 0.10248244444478223], [10, 0.08140353390840431]], "precision": [[1, 0.0], [2, 0.0], [3, 0.0], [4, 0.0], [5, 0.0], [6, 0.0], [7, 0.0], [8, 0.0], [9, 0.0], [10, 0.0]], "recall": [[1, 0.0], [2, 0.0], [3, 0.0], [4, 0.0], [5, 0.0], [6, 0.0], [7, 0.0], [8, 0.0], [9, 0.0], [10, 0.0]], "f1_score": [[1, 0.0], [2, 0.0], [3, 0.0], [4, 0.0], [5, 0.0], [6, 0.0], [7, 0.0], [8, 0.0], [9, 0.0], [10, 0.0]]}