{
    "num_rounds": 10,
    "loss": [
      [1, 3.749313473701477],
      [2, 4.091014623641968],
      [3, 4.156998157501221],
      [4, 4.002055525779724],
      [5, 4.007720708847046],
      [6, 4.071465253829956],
      [7, 4.094580173492432],
      [8, 3.931733012199402],
      [9, 4.074216604232788],
      [10, 4.072188854217529]
    ],
    "metrics": {
      "accuracy": [
        [1, 0.006899522398887612],
        [2, 0.018286860198624903],
        [3, 0.002817343979534978],
        [4, 0.02569202915813045],
        [5, 0.003820816468694827],
        [6, 0.006642472355128409],
        [7, 0.008521250226709388],
        [8, 0.01426326791150517],
        [9, 0.00784876288254268],
        [10, 0.008235516849678153]
      ]
    }
  }
  