{
    "num_rounds": 15,
    "loss": [
      [
        1,
        2.144463661575317
      ],
      [
        2,
        1.0210570434570312
      ],
      [
        3,
        1.0529587226867676
      ],
      [
        4,
        1.0381653418540955
      ],
      [
        5,
        1.0134763770103454
      ],
      [
        6,
        1.0106874667167665
      ],
      [
        7,
        1.0065736888885497
      ],
      [
        8,
        1.0199080684661865
      ],
      [
        9,
        1.009421258354187
      ],
      [
        10,
        1.012504592037201
      ],
      [
        11,
        1.0217603247642517
      ],
      [
        12,
        1.0134638934135436
      ],
      [
        13,
        1.0063240471839905
      ],
      [
        14,
        1.0135082341194153
      ],
      [
        15,
        1.0037361963272096
      ]
    ],
    "metrics": {
      "accuracy": [
        [
          1,
          0.3242
        ],
        [
          2,
          0.6012
        ],
        [
          3,
          0.6216
        ],
        [
          4,
          0.6234
        ],
        [
          5,
          0.6808
        ],
        [
          6,
          0.6441
        ],
        [
          7,
          0.65
        ],
        [
          8,
          0.6477
        ],
        [
          9,
          0.6676
        ],
        [
          10,
          0.6549
        ],
        [
          11,
          0.6225
        ],
        [
          12,
          0.6462
        ],
        [
          13,
          0.665
        ],
        [
          14,
          0.6458
        ],
        [
          15,
          0.6858
        ]
      ]
    }
  }