{
    "loss": [
      [
        1,
        2.9025067076087
      ],
      [
        2,
        2.8904406309127806
      ],
      [
        3,
        1.5135588109493257
      ],
      [
        4,
        2.0021969631314276
      ],
      [
        5,
        2.263839787244797
      ],
      [
        6,
        3.130162978172302
      ],
      [
        7,
        1.6290445148944854
      ],
      [
        8,
        1.9106917679309845
      ],
      [
        9,
        1.0111047446727752
      ],
      [
        10,
        1.4043931126594544
      ]
    ],
    "metrics": {
      "accuracy": [
        [
          1,
          0.3326087548829725
        ],
        [
          2,
          0.358117807882026
        ],
        [
          3,
          0.5135908637105894
        ],
        [
          4,
          0.44555311233288586
        ],
        [
          5,
          0.43791626174480547
        ],
        [
          6,
          0.29114121446355784
        ],
        [
          7,
          0.5426012255222504
        ],
        [
          8,
          0.599623003771313
        ],
        [
          9,
          0.6660815269010052
        ],
        [
          10,
          0.49793226815298286
        ]
      ],
      "f1_score": [
        [
          1,
          0.0
        ],
        [
          2,
          0.0
        ],
        [
          3,
          0.0
        ],
        [
          4,
          0.0
        ],
        [
          5,
          0.0
        ],
        [
          6,
          0.0
        ],
        [
          7,
          0.0
        ],
        [
          8,
          0.0
        ],
        [
          9,
          0.0
        ],
        [
          10,
          0.0
        ]
      ],
      "precision": [
        [
          1,
          0.0
        ],
        [
          2,
          0.0
        ],
        [
          3,
          0.0
        ],
        [
          4,
          0.0
        ],
        [
          5,
          0.0
        ],
        [
          6,
          0.0
        ],
        [
          7,
          0.0
        ],
        [
          8,
          0.0
        ],
        [
          9,
          0.0
        ],
        [
          10,
          0.0
        ]
      ],
      "recall": [
        [
          1,
          0.0
        ],
        [
          2,
          0.0
        ],
        [
          3,
          0.0
        ],
        [
          4,
          0.0
        ],
        [
          5,
          0.0
        ],
        [
          6,
          0.0
        ],
        [
          7,
          0.0
        ],
        [
          8,
          0.0
        ],
        [
          9,
          0.0
        ],
        [
          10,
          0.0
        ]
      ]
    }
  }