{"accuracy": [[1, 0.6081952224863916], [2, 0.673210957672923], [3, 0.7273566872662816], [4, 0.7107601720850646], [5, 0.7522272237185919], [6, 0.7272753047770543], [7, 0.7606645147331681], [8, 0.7688412180659852], [9, 0.7600585283140381], [10, 0.764100949540854]], "precision": [[1, 0.0], [2, 0.0], [3, 0.0], [4, 0.0], [5, 0.0], [6, 0.0], [7, 0.0], [8, 0.0], [9, 0.0], [10, 0.0]], "recall": [[1, 0.0], [2, 0.0], [3, 0.0], [4, 0.0], [5, 0.0], [6, 0.0], [7, 0.0], [8, 0.0], [9, 0.0], [10, 0.0]], "f1_score": [[1, 0.0], [2, 0.0], [3, 0.0], [4, 0.0], [5, 0.0], [6, 0.0], [7, 0.0], [8, 0.0], [9, 0.0], [10, 0.0]]}