{
    "num_rounds": 10,
    "loss": [
        [
            1,
            1.3670959711074828
        ],
        [
            2,
            0.8571477055549621
        ],
        [
            3,
            2.970434045791626
        ],
        [
            4,
            3.807561683654785
        ],
        [
            5,
            0.8195736289024353
        ],
        [
            6,
            11.808292007446289
        ],
        [
            7,
            13.347981643676757
        ],
        [
            8,
            36787.2953125
        ],
        [
            9,
            1049530.3
        ],
        [
            10,
            23.357104110717774
        ]
    ],
    "metrics": {
        "accuracy": [
            [
                1,
                0.6007134929933423
            ],
            [
                2,
                0.6872586612358635
            ],
            [
                3,
                0.7486509631549627
            ],
            [
                4,
                0.6858876715666077
            ],
            [
                5,
                0.6898087405431123
            ],
            [
                6,
                0.756637396253912
            ],
            [
                7,
                0.26888016956150007
            ],
            [
                8,
                0.10586039052642586
            ],
            [
                9,
                0.1016861206405788
            ],
            [
                10,
                0.09861261899908794
            ]
        ],
        "f1_score": [
            [
                1,
                0.0
            ],
            [
                2,
                0.0
            ],
            [
                3,
                0.0
            ],
            [
                4,
                0.0
            ],
            [
                5,
                0.0
            ],
            [
                6,
                0.0
            ],
            [
                7,
                0.0
            ],
            [
                8,
                0.0
            ],
            [
                9,
                0.0
            ],
            [
                10,
                0.0
            ]
        ],
        "precision": [
            [
                1,
                0.0
            ],
            [
                2,
                0.0
            ],
            [
                3,
                0.0
            ],
            [
                4,
                0.0
            ],
            [
                5,
                0.0
            ],
            [
                6,
                0.0
            ],
            [
                7,
                0.0
            ],
            [
                8,
                0.0
            ],
            [
                9,
                0.0
            ],
            [
                10,
                0.0
            ]
        ],
        "recall": [
            [
                1,
                0.0
            ],
            [
                2,
                0.0
            ],
            [
                3,
                0.0
            ],
            [
                4,
                0.0
            ],
            [
                5,
                0.0
            ],
            [
                6,
                0.0
            ],
            [
                7,
                0.0
            ],
            [
                8,
                0.0
            ],
            [
                9,
                0.0
            ],
            [
                10,
                0.0
            ]
        ]
    }
}
