{
    "num_rounds": 10,
    "loss": [
      [1, 3.377383589744568],
      [2, 3.12247633934021],
      [3, 2.8167636394500732],
      [4, 3.221019983291626],
      [5, 2.6239336729049683],
      [6, 2.4898107647895813],
      [7, 3.2542755603790283],
      [8, 2.261805534362793],
      [9, 1.4140802025794983],
      [10, 3.4985121488571167]
    ],
    "metrics": {
      "accuracy": [
        [1, 0.04213671229894902],
        [2, 0.19790236939949868],
        [3, 0.20638931192025475],
        [4, 0.04267766022459434],
        [5, 0.26437598542590823],
        [6, 0.37265866155037725],
        [7, 0.20376867907750004],
        [8, 0.4864497984133177],
        [9, 0.47135731125294694],
        [10, 0.014887867102953043]
      ]
    }
  }
  