{
    "num_rounds": 10,
    "loss": [
      [1, 1.7198064923286438],
      [2, 0.9969510436058044],
      [3, 1.0725683569908142],
      [4, 1.016918271780014],
      [5, 1.030067801475525],
      [6, 1.0395235419273376],
      [7, 1.0742531418800354],
      [8, 0.9973576068878174],
      [9, 0.9349707067012787],
      [10, 1.0338859558105469]
    ],
    "metrics": {
      "accuracy": [
        [1, 0.5039566378785363],
        [2, 0.6669060135719593],
        [3, 0.6328632130201637],
        [4, 0.6499314522093784],
        [5, 0.6779334610259826],
        [6, 0.5950995483328807],
        [7, 0.6392701828149797],
        [8, 0.6875323049228246],
        [9, 0.7271845062432676],
        [10, 0.6624546114742194]
      ]
    }
  }
  