{
    "num_rounds": 10,
    "loss": [
      [1, 3.4261189699172974],
      [2, 3.348890542984009],
      [3, 3.401928186416626],
      [4, 1.4622414112091064],
      [5, 3.551820993423462],
      [6, 2.668091297149658],
      [7, 2.2125075459480286],
      [8, 2.08415487408638],
      [9, 2.6359986066818237],
      [10, 2.2176149487495422]
    ],
    "metrics": {
      "accuracy": [
        [1, 0.14806281341127997],
        [2, 0.19506305296191045],
        [3, 0.16669217970543693],
        [4, 0.5339255936978897],
        [5, 0.19442833484763544],
        [6, 0.3299752634236991],
        [7, 0.45265151515151514],
        [8, 0.5341936809960066],
        [9, 0.3202658812807313],
        [10, 0.46503331618529675]
      ]
    }
  }
  