{
    "num_rounds": 10,
    "loss": [
      [1, 4.116455745697022],
      [2, 143.9260566711426],
      [3, 146.07277221679686],
      [4, null],
      [5, null],
      [6, null],
      [7, null],
      [8, null],
      [9, null],
      [10, null]
    ],
    "metrics": {
      
      "accuracy": [
        [1, 0.14276873351773867],
        [2, 0.38544300483526894],
        [3, 0.2953244320072731],
        [4, 0.015256300979815802],
        [5, 0.12221165741911708],
        [6, 0.1268910998119041],
        [7, 0.10733523039530397],
        [8, 0.11046358825094131],
        [9, 0.1434642964057462],
        [10, 0.13383846623786272]
      ],
      "f1_score": [
        [1, 0.0],
        [2, 0.0],
        [3, 0.0],
        [4, 0.0],
        [5, 0.0],
        [6, 0.0],
        [7, 0.0],
        [8, 0.0],
        [9, 0.0],
        [10, 0.0]
      ],
      "precision": [
        [1, 0.0],
        [2, 0.0],
        [3, 0.0],
        [4, 0.0],
        [5, 0.0],
        [6, 0.0],
        [7, 0.0],
        [8, 0.0],
        [9, 0.0],
        [10, 0.0]
      ],
      "recall": [
        [1, 0.0],
        [2, 0.0],
        [3, 0.0],
        [4, 0.0],
        [5, 0.0],
        [6, 0.0],
        [7, 0.0],
        [8, 0.0],
        [9, 0.0],
        [10, 0.0]
      ]
    }
  }
  