{
    "num_rounds": 10,
    "loss": [
      [1, 1.4924379348754884],
      [2, 14.073834800720215],
      [3, 19.281239700317382],
      [4, 7.21860818862915],
      [5, 151.83338470458983],
      [6, null],
      [7, null],
      [8, null],
      [9, null],
      [10, null]
    ],
    "metrics": {
    
      "accuracy": [
        [1, 0.46941816869633407],
        [2, 0.6821175144396227],
        [3, 0.5544893857180394],
        [4, 0.5808166049511554],
        [5, 0.29325666024243763],
        [6, 0.12110206259721301],
        [7, 0.0918018491593552],
        [8, 0.08217248215954373],
        [9, 0.08713075929744134],
        [10, 0.08139146192855909]
      ],
      "f1_score": [
        [1, 0.0],
        [2, 0.0],
        [3, 0.0],
        [4, 0.0],
        [5, 0.0],
        [6, 0.0],
        [7, 0.0],
        [8, 0.0],
        [9, 0.0],
        [10, 0.0]
      ],
      "precision": [
        [1, 0.0],
        [2, 0.0],
        [3, 0.0],
        [4, 0.0],
        [5, 0.0],
        [6, 0.0],
        [7, 0.0],
        [8, 0.0],
        [9, 0.0],
        [10, 0.0]
      ],
      "recall": [
        [1, 0.0],
        [2, 0.0],
        [3, 0.0],
        [4, 0.0],
        [5, 0.0],
        [6, 0.0],
        [7, 0.0],
        [8, 0.0],
        [9, 0.0],
        [10, 0.0]
      ]
    }
  }
  