{
    "num_rounds": 50,
    "loss": [
        [
            1,
            2.1981053352355957
        ],
        [
            2,
            1.8135258555412292
        ],
        [
            3,
            1.1622251272201538
        ],
        [
            4,
            0.9304120242595673
        ],
        [
            5,
            0.8307686150074005
        ],
        [
            6,
            0.8516316115856171
        ],
        [
            7,
            0.7570176422595978
        ],
        [
            8,
            0.7552149593830109
        ],
        [
            9,
            0.7078903913497925
        ],
        [
            10,
            0.6753170490264893
        ],
        [
            11,
            0.6784368455410004
        ],
        [
            12,
            0.702853262424469
        ],
        [
            13,
            0.6658808887004852
        ],
        [
            14,
            0.6194475293159485
        ],
        [
            15,
            0.6098372042179108
        ],
        [
            16,
            0.6252420842647552
        ],
        [
            17,
            0.586374431848526
        ],
        [
            18,
            0.5853583812713623
        ],
        [
            19,
            0.5970270931720734
        ],
        [
            20,
            0.5895422995090485
        ],
        [
            21,
            0.5951543152332306
        ],
        [
            22,
            0.616138756275177
        ],
        [
            23,
            0.5582951605319977
        ],
        [
            24,
            0.5718292593955994
        ],
        [
            25,
            0.5363931655883789
        ],
        [
            26,
            0.5327168405056
        ],
        [
            27,
            0.5260420739650726
        ],
        [
            28,
            0.5337744057178497
        ],
        [
            29,
            0.5235705971717834
        ],
        [
            30,
            0.5777387619018555
        ],
        [
            31,
            0.5020474940538406
        ],
        [
            32,
            0.5176785290241241
        ],
        [
            33,
            0.501944825053215
        ],
        [
            34,
            0.5045754313468933
        ],
        [
            35,
            0.491595521569252
        ],
        [
            36,
            0.516619086265564
        ],
        [
            37,
            0.49455922842025757
        ],
        [
            38,
            0.503830224275589
        ],
        [
            39,
            0.49326084554195404
        ],
        [
            40,
            0.47243113815784454
        ],
        [
            41,
            0.46743568778038025
        ],
        [
            42,
            0.47945062816143036
        ],
        [
            43,
            0.49056097865104675
        ],
        [
            44,
            0.45161114633083344
        ],
        [
            45,
            0.49168285727500916
        ],
        [
            46,
            0.4604444205760956
        ],
        [
            47,
            0.44250164926052094
        ],
        [
            48,
            0.4463688135147095
        ],
        [
            49,
            0.4456028342247009
        ],
        [
            50,
            0.4388013333082199
        ]
    ],
    "metrics": {
        "accuracy": [
            [
                1,
                0.2652100541788791
            ],
            [
                2,
                0.480895838884448
            ],
            [
                3,
                0.5891259214850342
            ],
            [
                4,
                0.6498079314326317
            ],
            [
                5,
                0.7061711741717737
            ],
            [
                6,
                0.6951133537614353
            ],
            [
                7,
                0.720046185274003
            ],
            [
                8,
                0.7165906163957723
            ],
            [
                9,
                0.7307209787725375
            ],
            [
                10,
                0.7607969180211387
            ],
            [
                11,
                0.7428668176569855
            ],
            [
                12,
                0.7236571853628209
            ],
            [
                13,
                0.7645217159605648
            ],
            [
                14,
                0.7709499067412736
            ],
            [
                15,
                0.773975264233058
            ],
            [
                16,
                0.7576438848920863
            ],
            [
                17,
                0.7832900346389555
            ],
            [
                18,
                0.790231703526068
            ],
            [
                19,
                0.7874672484234835
            ],
            [
                20,
                0.7769256816768808
            ],
            [
                21,
                0.7724986677324808
            ],
            [
                22,
                0.7713329336530775
            ],
            [
                23,
                0.792224553690381
            ],
            [
                24,
                0.7827182698285815
            ],
            [
                25,
                0.7967903455013767
            ],
            [
                26,
                0.8001265654143352
            ],
            [
                27,
                0.8045646815880629
            ],
            [
                28,
                0.7971039834798828
            ],
            [
                29,
                0.8041094901856293
            ],
            [
                30,
                0.7698036015631939
            ],
            [
                31,
                0.808864019895195
            ],
            [
                32,
                0.7985861310951239
            ],
            [
                33,
                0.8161276534328092
            ],
            [
                34,
                0.8076483257838174
            ],
            [
                35,
                0.816896482813749
            ],
            [
                36,
                0.8116950883737455
            ],
            [
                37,
                0.8182481792343903
            ],
            [
                38,
                0.8205629940492051
            ],
            [
                39,
                0.8101574296118661
            ],
            [
                40,
                0.8219119149125145
            ],
            [
                41,
                0.8233912869704236
            ],
            [
                42,
                0.8156169508837374
            ],
            [
                43,
                0.8145178301803002
            ],
            [
                44,
                0.8381072919442224
            ],
            [
                45,
                0.8130440092370548
            ],
            [
                46,
                0.82698563371525
            ],
            [
                47,
                0.8381072919442224
            ],
            [
                48,
                0.8330335731414868
            ],
            [
                49,
                0.8271882494004796
            ],
            [
                50,
                0.8361144417799093
            ]
        ],