{
    "num_rounds": 10,
    "loss": [
      [1, 3.9809775352478027],
      [2, 3.9363425970077515],
      [3, 3.8404130935668945],
      [4, 4.003351807594299],
      [5, 4.000291705131531],
      [6, 3.8860461711883545],
      [7, 4.1150946617126465],
      [8, 3.9002891778945923],
      [9, 3.9552345275878906],
      [10, 4.092052936553955]
    ],
    "metrics": {
      "accuracy": [
        [1, 0.007998565575459799],
        [2, 0.020146542648564098],
        [3, 0.02364132699841627],
        [4, 0.04066571819510527],
        [5, 0.016306363516992852],
        [6, 0.01588311535289266],
        [7, 0.0044600461267127935],
        [8, 0.03155158919894971],
        [9, 0.02987232807384475],
        [10, 0.029200411755844563]
      ]
    }
  }
  