{
    "num_rounds": 10,
    "loss": [
        [1, 1.053224229812622],
        [2, 2.1747440338134765],
        [3, 1.7249904870986938],
        [4, 1.884079885482788],
        [5, 1.1686882972717285],
        [6, 1.8400890588760377],
        [7, 1.1366230130195618],
        [8, 1.1659422874450684],
        [9, 1.1286830186843873],
        [10, 1.8025007724761963]
    ],
    "metrics": {
        "accuracy": [
            [1, 0.5759989639922501],
            [2, 0.26280748665132453],
            [3, 0.295155278329449],
            [4, 0.24717239580820208],
            [5, 0.5602009199409714],
            [6, 0.2320597301326593],
            [7, 0.5631997066284778],
            [8, 0.6122101935283235],
            [9, 0.6287318690315449],
            [10, 0.2252780272833547]
        ],
        "f1_score": [
            [1, 0.0],
            [2, 0.0],
            [3, 0.0],
            [4, 0.0],
            [5, 0.0],
            [6, 0.0],
            [7, 0.0],
            [8, 0.0],
            [9, 0.0],
            [10, 0.0]
        ],
        "precision": [
            [1, 0.0],
            [2, 0.0],
            [3, 0.0],
            [4, 0.0],
            [5, 0.0],
            [6, 0.0],
            [7, 0.0],
            [8, 0.0],
            [9, 0.0],
            [10, 0.0]
        ],
        "recall": [
            [1, 0.0],
            [2, 0.0],
            [3, 0.0],
            [4, 0.0],
            [5, 0.0],
            [6, 0.0],
            [7, 0.0],
            [8, 0.0],
            [9, 0.0],
            [10, 0.0]
        ]
    }
}
