{
    "loss": [
      [
        1,
        3.1027648031711577
      ],
      [
        2,
        2.1294800281524657
      ],
      [
        3,
        1.990417981147766
      ],
      [
        4,
        1.6167528331279755
      ],
      [
        5,
        2.0218374729156494
      ],
      [
        6,
        1.2722847223281861
      ],
      [
        7,
        1.3787965536117555
      ],
      [
        8,
        1.711931014060974
      ],
      [
        9,
        1.8236951947212219
      ],
      [
        10,
        1.637723410129547
      ]
    ],
    "metrics": {
      "accuracy": [
        [
          1,
          0.32306871081654376
        ],
        [
          2,
          0.3162369645746115
        ],
        [
          3,
          0.3534644896833245
        ],
        [
          4,
          0.43302853431470945
        ],
        [
          5,
          0.4217312120625406
        ],
        [
          6,
          0.5434235307226856
        ],
        [
          7,
          0.621308836350921
        ],
        [
          8,
          0.5129152894443308
        ],
        [
          9,
          0.4982869401426197
        ],
        [
          10,
          0.5088021992880041
        ]
      ],
      "f1_score": [
        [
          1,
          0.0
        ],
        [
          2,
          0.0
        ],
        [
          3,
          0.0
        ],
        [
          4,
          0.0
        ],
        [
          5,
          0.0
        ],
        [
          6,
          0.0
        ],
        [
          7,
          0.0
        ],
        [
          8,
          0.0
        ],
        [
          9,
          0.0
        ],
        [
          10,
          0.0
        ]
      ],
      "precision": [
        [
          1,
          0.0
        ],
        [
          2,
          0.0
        ],
        [
          3,
          0.0
        ],
        [
          4,
          0.0
        ],
        [
          5,
          0.0
        ],
        [
          6,
          0.0
        ],
        [
          7,
          0.0
        ],
        [
          8,
          0.0
        ],
        [
          9,
          0.0
        ],
        [
          10,
          0.0
        ]
      ],
      "recall": [
        [
          1,
          0.0
        ],
        [
          2,
          0.0
        ],
        [
          3,
          0.0
        ],
        [
          4,
          0.0
        ],
        [
          5,
          0.0
        ],
        [
          6,
          0.0
        ],
        [
          7,
          0.0
        ],
        [
          8,
          0.0
        ],
        [
          9,
          0.0
        ],
        [
          10,
          0.0
        ]
      ]
    }
  }