{
    "num_rounds": 10,
    "loss": [
        [1, 1.6539984941482544],
        [2, 37.121184539794925],
        [3, 35.25682182312012],
        [4, 1395.877978515625],
        [5, null],
        [6, null],
        [7, null],
        [8, null],
        [9, null],
        [10, null]
    ],
    "metrics": {
        "accuracy": [
            [1, 0.5161406857475628],
            [2, 0.6675512985493156],
            [3, 0.708755247288099],
            [4, 0.38149973611505217],
            [5, 0.09033852353172309],
            [6, 0.11348082457720428],
            [7, 0.11277167321467316],
            [8, 0.11054063013548769],
            [9, 0.11277167321467314],
            [10, 0.08614531922331306]
        ],
        "f1_score": [
            [1, 0.0],
            [2, 0.0],
            [3, 0.0],
            [4, 0.0],
            [5, 0.0],
            [6, 0.0],
            [7, 0.0],
            [8, 0.0],
            [9, 0.0],
            [10, 0.0]
        ],
        "precision": [
            [1, 0.0],
            [2, 0.0],
            [3, 0.0],
            [4, 0.0],
            [5, 0.0],
            [6, 0.0],
            [7, 0.0],
            [8, 0.0],
            [9, 0.0],
            [10, 0.0]
        ],
        "recall": [
            [1, 0.0],
            [2, 0.0],
            [3, 0.0],
            [4, 0.0],
            [5, 0.0],
            [6, 0.0],
            [7, 0.0],
            [8, 0.0],
            [9, 0.0],
            [10, 0.0]
        ]
    }
}
