{
    "num_rounds": 10,
    "loss": [
      [1, 1.0255508422851562],
      [2, 1.0131965577602386],
      [3, 0.9571691155433655],
      [4, 1.0086328387260437],
      [5, 0.9684948027133942],
      [6, 1.0181652307510376],
      [7, 0.9571642279624939],
      [8, 1.0036700963974],
      [9, 1.0470132231712341],
      [10, 0.9619841873645782]
    ],
    "metrics": {
      "accuracy": [
        [1, 0.6371206758098942],
        [2, 0.624431010746958],
        [3, 0.6402341245675741],
        [4, 0.6392189225248436],
        [5, 0.6633376061551652],
        [6, 0.6055926707298015],
        [7, 0.6521433026442429],
        [8, 0.6352824119079724],
        [9, 0.6058526177769599],
        [10, 0.6437297996121525]
      ]
    }
  }
  