{
    "loss": [
      [
        1,
        1.5425992727279663
      ],
      [
        2,
        1.0340460300445558
      ],
      [
        3,
        1.7175018310546875
      ],
      [
        4,
        1.7555591821670533
      ],
      [
        5,
        1.6735995292663575
      ],
      [
        6,
        1.6714262962341309
      ],
      [
        7,
        0.8046590209007263
      ],
      [
        8,
        0.7869056940078736
      ],
      [
        9,
        1.1407976746559143
      ],
      [
        10,
        0.9452259778976441
      ]
    ],
    "metrics": {
      "accuracy": [
        [
          1,
          0.511907123249693
        ],
        [
          2,
          0.6699047419939227
        ],
        [
          3,
          0.36070678284015717
        ],
        [
          4,
          0.3204561755912572
        ],
        [
          5,
          0.37564981081762355
        ],
        [
          6,
          0.3576727201432847
        ],
        [
          7,
          0.7462003669286192
        ],
        [
          8,
          0.7862969746542536
        ],
        [
          9,
          0.6524384543322108
        ],
        [
          10,
          0.6986214091100088
        ]
      ],
      "f1_score": [
        [
          1,
          0.0
        ],
        [
          2,
          0.0
        ],
        [
          3,
          0.0
        ],
        [
          4,
          0.0
        ],
        [
          5,
          0.0
        ],
        [
          6,
          0.0
        ],
        [
          7,
          0.0
        ],
        [
          8,
          0.0
        ],
        [
          9,
          0.0
        ],
        [
          10,
          0.0
        ]
      ],
      "precision": [
        [
          1,
          0.0
        ],
        [
          2,
          0.0
        ],
        [
          3,
          0.0
        ],
        [
          4,
          0.0
        ],
        [
          5,
          0.0
        ],
        [
          6,
          0.0
        ],
        [
          7,
          0.0
        ],
        [
          8,
          0.0
        ],
        [
          9,
          0.0
        ],
        [
          10,
          0.0
        ]
      ],
      "recall": [
        [
          1,
          0.0
        ],
        [
          2,
          0.0
        ],
        [
          3,
          0.0
        ],
        [
          4,
          0.0
        ],
        [
          5,
          0.0
        ],
        [
          6,
          0.0
        ],
        [
          7,
          0.0
        ],
        [
          8,
          0.0
        ],
        [
          9,
          0.0
        ],
        [
          10,
          0.0
        ]
      ]
    }
  }