{
    "num_rounds": 10,
    "loss": [
      [1, 1.5444087386131287],
      [2, 1.6023154258728027],
      [3, 1.4352723360061646],
      [4, 0.8682603538036346],
      [5, 1.4203166365623474],
      [6, 0.9822040498256683],
      [7, 1.0431149899959564],
      [8, 1.070724368095398],
      [9, 1.0593284368515015],
      [10, 0.8750826418399811]
    ],
    "metrics": {
      "accuracy": [
        [1, 0.4448057847795282],
        [2, 0.38029494024917365],
        [3, 0.44346441301400863],
        [4, 0.7296636538746482],
        [5, 0.5031483226395059],
        [6, 0.6653692976104273],
        [7, 0.6722264804161355],
        [8, 0.6330272615120551],
        [9, 0.6660733470404638],
        [10, 0.7476265345208892]
      ]
    }
  }
  