{
    "num_rounds": 10,
    "loss": [
      [1, 1.1308614015579224],
      [2, 0.9527295827865601],
      [3, 1.0015521049499512],
      [4, 1.1333119869232178],
      [5, 1.0687692165374756],
      [6, 0.9731954038143158],
      [7, 1.015824019908905],
      [8, 0.9929536581039429],
      [9, 1.028649389743805],
      [10, 1.0194751620292664]
    ],
    "metrics": {
      "accuracy": [
        [1, 0.5673326835607537],
        [2, 0.6840252227945385],
        [3, 0.6360157527746555],
        [4, 0.5893847664680998],
        [5, 0.6075004844156563],
        [6, 0.6798431322314622],
        [7, 0.6460847192578347],
        [8, 0.6253989961135951],
        [9, 0.6230393218655566],
        [10, 0.5913398617036625]
      ]
    }
  }
  