{
    "num_rounds": 10,
    "loss": [
      [1, 4.791343927383423],
      [2, 2.4255623817443848],
      [3, 3.48725163936615],
      [4, 1.9754953980445862],
      [5, 2.4481685161590576],
      [6, 3.7079704999923706],
      [7, 3.2781680822372437],
      [8, 3.286911129951477],
      [9, 3.0760284662246704],
      [10, 3.6474947929382324]
    ],
    "metrics": {
      "accuracy": [
        [1, 0.024990083300277667],
        [2, 0.37767240327599405],
        [3, 0.17744610281923714],
        [4, 0.5980304088897761],
        [5, 0.40286645601061966],
        [6, 0.17635658914728683],
        [7, 0.21665555104486844],
        [8, 0.22851946361486467],
        [9, 0.21086276845200433],
        [10, 0.06278078215520252]
      ]
    }
  }
  