{
    "num_rounds": 10,
    "loss": [
      [1, 4.716686058044433],
      [2, 2.551660180091858],
      [3, 1.2786961197853088],
      [4, 1.5160483121871948],
      [5, 1.1889881134033202],
      [6, 1.4804515480995177],
      [7, 1.1972564578056335],
      [8, 1.5867329835891724],
      [9, 1.3626124382019043],
      [10, 1.5622641801834107]
    ],
    "metrics": {
      
      "accuracy": [
        [1, 0.04827660777855408],
        [2, 0.12500673789640032],
        [3, 0.5428814184752347],
        [4, 0.36765098244832056],
        [5, 0.6254694158029303],
        [6, 0.5702104066352194],
        [7, 0.5937240861104449],
        [8, 0.4336539559138397],
        [9, 0.48032955596594895],
        [10, 0.47753503885436144]
      ],
      "f1_score": [
        [1, 0.0],
        [2, 0.0],
        [3, 0.0],
        [4, 0.0],
        [5, 0.0],
        [6, 0.0],
        [7, 0.0],
        [8, 0.0],
        [9, 0.0],
        [10, 0.0]
      ],
      "precision": [
        [1, 0.0],
        [2, 0.0],
        [3, 0.0],
        [4, 0.0],
        [5, 0.0],
        [6, 0.0],
        [7, 0.0],
        [8, 0.0],
        [9, 0.0],
        [10, 0.0]
      ],
      "recall": [
        [1, 0.0],
        [2, 0.0],
        [3, 0.0],
        [4, 0.0],
        [5, 0.0],
        [6, 0.0],
        [7, 0.0],
        [8, 0.0],
        [9, 0.0],
        [10, 0.0]
      ]
    }
  }
  