{
    "num_rounds": 50,
    "loss": [
        [
            1,
            2.224653720855713
        ],
        [
            2,
            1.9249159693717957
        ],
        [
            3,
            1.234781265258789
        ],
        [
            4,
            0.9845345318317413
        ],
        [
            5,
            0.9358060359954834
        ],
        [
            6,
            0.8913271725177765
        ],
        [
            7,
            0.8097072243690491
        ],
        [
            8,
            0.7644593119621277
        ],
        [
            9,
            0.748031497001648
        ],
        [
            10,
            0.7687283456325531
        ],
        [
            11,
            0.7190268933773041
        ],
        [
            12,
            0.7345321178436279
        ],
        [
            13,
            0.7006797194480896
        ],
        [
            14,
            0.6658022105693817
        ],
        [
            15,
            0.6836592555046082
        ],
        [
            16,
            0.6832078993320465
        ],
        [
            17,
            0.6947317123413086
        ],
        [
            18,
            0.6640608608722687
        ],
        [
            19,
            0.629318356513977
        ],
        [
            20,
            0.6954949498176575
        ],
        [
            21,
            0.6427125334739685
        ],
        [
            22,
            0.6373538076877594
        ],
        [
            23,
            0.6215645372867584
        ],
        [
            24,
            0.6615301668643951
        ],
        [
            25,
            0.6370760798454285
        ],
        [
            26,
            0.6404195725917816
        ],
        [
            27,
            0.6146583259105682
        ],
        [
            28,
            0.6142185926437378
        ],
        [
            29,
            0.5841533243656158
        ],
        [
            30,
            0.5798791348934174
        ],
        [
            31,
            0.5788533687591553
        ],
        [
            32,
            0.572342723608017
        ],
        [
            33,
            0.5872969925403595
        ],
        [
            34,
            0.586855560541153
        ],
        [
            35,
            0.5831846296787262
        ],
        [
            36,
            0.5557656586170197
        ],
        [
            37,
            0.5621530413627625
        ],
        [
            38,
            0.5383399426937103
        ],
        [
            39,
            0.5306544303894043
        ],
        [
            40,
            0.6060045063495636
        ],
        [
            41,
            0.5312624573707581
        ],
        [
            42,
            0.5184068977832794
        ],
        [
            43,
            0.5281323343515396
        ],
        [
            44,
            0.5669152736663818
        ],
        [
            45,
            0.5305985808372498
        ],
        [
            46,
            0.5861174762248993
        ],
        [
            47,
            0.5235358625650406
        ],
        [
            48,
            0.5236870646476746
        ],
        [
            49,
            0.5264568030834198
        ],
        [
            50,
            0.5319673418998718
        ]
    ],
    "metrics": {
        "accuracy": [
            [
                1,
                0.3557098765432099
            ],
            [
                2,
                0.46747601918465226
            ],
            [
                3,
                0.6091765476507682
            ],
            [
                4,
                0.6418337552180478
            ],
            [
                5,
                0.6237204680699884
            ],
            [
                6,
                0.6501243449684697
            ],
            [
                7,
                0.7019273470112799
            ],
            [
                8,
                0.7279481969979572
            ],
            [
                9,
                0.7158134603428369
            ],
            [
                10,
                0.7122135624833467
            ],
            [
                11,
                0.7303351763034017
            ],
            [
                12,
                0.7259081623590017
            ],
            [
                13,
                0.7411320943245403
            ],
            [
                14,
                0.7561700639488409
            ],
            [
                15,
                0.7391364686028955
            ],
            [
                16,
                0.7305350164312994
            ],
            [
                17,
                0.7298105959676704
            ],
            [
                18,
                0.7521926902922107
            ],
            [
                19,
                0.7683825162092548
            ],
            [
                20,
                0.7368383071320721
            ],
            [
                21,
                0.7591315836219913
            ],
            [
                22,
                0.7694677591260326
            ],
            [
                23,
                0.7750022204458655
            ],
            [
                24,
                0.7416427968736122
            ],
            [
                25,
                0.7648436806110668
            ],
            [
                26,
                0.7634919841904254
            ],
            [
                27,
                0.7629896083133494
            ],
            [
                28,
                0.7758987254640732
            ],
            [
                29,
                0.7813027355893063
            ],
            [
                30,
                0.7849581445954348
            ],
            [
                31,
                0.7850219824140687
            ],
            [
                32,
                0.7861211031175059
            ],
            [
                33,
                0.7746830313526956
            ],
            [
                34,
                0.7798150368594013
            ],
            [
                35,
                0.7827710054178879
            ],
            [
                36,
                0.7955663247180034
            ],
            [
                37,
                0.7877864375166533
            ],
            [
                38,
                0.7987831956656897
            ],
            [
                39,
                0.8045646815880629
            ],
            [
                40,
                0.7514904742872368
            ],
            [
                41,
                0.8063632427391421
            ],
            [
                42,
                0.8093219868549605
            ],
            [
                43,
                0.8059163780087042
            ],
            [
                44,
                0.79061195488054
            ],
            [
                45,
                0.8052696731503686
            ],
            [
                46,
                0.776476041389111
            ],
            [
                47,
                0.7980115907274181
            ],
            [
                48,
                0.7999378275157651
            ],
            [
                49,
                0.8005817568167688
            ],
            [
                50,
                0.7968514077626787
            ]
        ],