{
    "num_rounds": 10,
    "loss": [
      [1, 3.6796381384134293],
      [2, 1.9981285333633423],
      [3, 2.8012436866760253],
      [4, 2.4258249282836912],
      [5, 2.222806191444397],
      [6, 2.5804285526275637],
      [7, 1.5717386245727538],
      [8, 2.285813903808594],
      [9, 1.9637248277664185],
      [10, 1.9761799335479737]
    ],
    "metrics": {
      
      "accuracy": [
        [1, 0.2851129362003686],
        [2, 0.3266387837637962],
        [3, 0.1504600853043512],
        [4, 0.23709417926218576],
        [5, 0.22390416767127114],
        [6, 0.16394304180802097],
        [7, 0.40971822594945795],
        [8, 0.1899600218525603],
        [9, 0.23355534816624118],
        [10, 0.16828463246140707]
      ],
      "f1_score": [
        [1, 0.0],
        [2, 0.0],
        [3, 0.0],
        [4, 0.0],
        [5, 0.0],
        [6, 0.0],
        [7, 0.0],
        [8, 0.0],
        [9, 0.0],
        [10, 0.0]
      ],
      "precision": [
        [1, 0.0],
        [2, 0.0],
        [3, 0.0],
        [4, 0.0],
        [5, 0.0],
        [6, 0.0],
        [7, 0.0],
        [8, 0.0],
        [9, 0.0],
        [10, 0.0]
      ],
      "recall": [
        [1, 0.0],
        [2, 0.0],
        [3, 0.0],
        [4, 0.0],
        [5, 0.0],
        [6, 0.0],
        [7, 0.0],
        [8, 0.0],
        [9, 0.0],
        [10, 0.0]
      ]
    }
  }
  