{
    "loss": [
      [
        1,
        101.16974487304688
      ],
      [
        2,
        1.319796121120453
      ],
      [
        3,
        286.4056365966797
      ],
      [
        4,
        46.772299194335936
      ],
      [
        5,
        null
      ],
      [
        6,
        null
      ],
      [
        7,
        null
      ],
      [
        8,
        null
      ],
      [
        9,
        null
      ],
      [
        10,
        null
      ]
    ],
    "metrics": {
      "accuracy": [
        [
          1,
          0.3590121878328265
        ],
        [
          2,
          0.5234967441787679
        ],
        [
          3,
          0.6980832032256788
        ],
        [
          4,
          0.16399212713659364
        ],
        [
          5,
          0.11008112965803271
        ],
        [
          6,
          0.1096239545776608
        ],
        [
          7,
          0.10009387362524569
        ],
        [
          8,
          0.10511745192846915
        ],
        [
          9,
          0.06365869817365878
        ],
        [
          10,
          0.12544096021972118
        ]
      ],
      "f1_score": [
        [
          1,
          0.0
        ],
        [
          2,
          0.0
        ],
        [
          3,
          0.0
        ],
        [
          4,
          0.0
        ],
        [
          5,
          0.0
        ],
        [
          6,
          0.0
        ],
        [
          7,
          0.0
        ],
        [
          8,
          0.0
        ],
        [
          9,
          0.0
        ],
        [
          10,
          0.0
        ]
      ],
      "precision": [
        [
          1,
          0.0
        ],
        [
          2,
          0.0
        ],
        [
          3,
          0.0
        ],
        [
          4,
          0.0
        ],
        [
          5,
          0.0
        ],
        [
          6,
          0.0
        ],
        [
          7,
          0.0
        ],
        [
          8,
          0.0
        ],
        [
          9,
          0.0
        ],
        [
          10,
          0.0
        ]
      ],
      "recall": [
        [
          1,
          0.0
        ],
        [
          2,
          0.0
        ],
        [
          3,
          0.0
        ],
        [
          4,
          0.0
        ],
        [
          5,
          0.0
        ],
        [
          6,
          0.0
        ],
        [
          7,
          0.0
        ],
        [
          8,
          0.0
        ],
        [
          9,
          0.0
        ],
        [
          10,
          0.0
        ]
      ]
    }
  }