{
    "loss": [
      [
        1,
        4.262955379486084
      ],
      [
        2,
        1.0920166373252869
      ],
      [
        3,
        1.1795974254608155
      ],
      [
        4,
        0.8448536634445191
      ],
      [
        5,
        0.8980626940727234
      ],
      [
        6,
        0.9652554988861084
      ],
      [
        7,
        0.7596449136734009
      ],
      [
        8,
        0.8099876403808594
      ],
      [
        9,
        0.7755652785301208
      ],
      [
        10,
        0.8140652179718018
      ]
    ],
    "metrics": {
      "accuracy": [
        [
          1,
          0.016703001683111375
        ],
        [
          2,
          0.6218956561796356
        ],
        [
          3,
          0.5497195705169725
        ],
        [
          4,
          0.6791252067787892
        ],
        [
          5,
          0.6777328233926259
        ],
        [
          6,
          0.6348858527077389
        ],
        [
          7,
          0.7436304734022742
        ],
        [
          8,
          0.7199429784522022
        ],
        [
          9,
          0.7148174655974925
        ],
        [
          10,
          0.6919985270982556
        ]
      ],
      "f1_score": [
        [
          1,
          0.0
        ],
        [
          2,
          0.0
        ],
        [
          3,
          0.0
        ],
        [
          4,
          0.0
        ],
        [
          5,
          0.0
        ],
        [
          6,
          0.0
        ],
        [
          7,
          0.0
        ],
        [
          8,
          0.0
        ],
        [
          9,
          0.0
        ],
        [
          10,
          0.0
        ]
      ],
      "precision": [
        [
          1,
          0.0
        ],
        [
          2,
          0.0
        ],
        [
          3,
          0.0
        ],
        [
          4,
          0.0
        ],
        [
          5,
          0.0
        ],
        [
          6,
          0.0
        ],
        [
          7,
          0.0
        ],
        [
          8,
          0.0
        ],
        [
          9,
          0.0
        ],
        [
          10,
          0.0
        ]
      ],
      "recall": [
        [
          1,
          0.0
        ],
        [
          2,
          0.0
        ],
        [
          3,
          0.0
        ],
        [
          4,
          0.0
        ],
        [
          5,
          0.0
        ],
        [
          6,
          0.0
        ],
        [
          7,
          0.0
        ],
        [
          8,
          0.0
        ],
        [
          9,
          0.0
        ],
        [
          10,
          0.0
        ]
      ]
    }
  }