{
    "num_rounds": 10,
    "loss": [
      [1, 1.3715153336524963],
      [2, 1.036962777376175],
      [3, 1.2389749884605408],
      [4, 0.9187672436237335],
      [5, 1.1326124966144562],
      [6, 1.1227672696113586],
      [7, 0.9956175684928894],
      [8, 0.9856464266777039],
      [9, 1.1060569882392883],
      [10, 0.9660493433475494]
    ],
    "metrics": {
      "accuracy": [
        [1, 0.47243876186437916],
        [2, 0.6229908100231537],
        [3, 0.5305971869142834],
        [4, 0.7263747006872532],
        [5, 0.5955351089075346],
        [6, 0.5368417372659154],
        [7, 0.622583597288211],
        [8, 0.6365617142695709],
        [9, 0.6374085684430512],
        [10, 0.6467795411269344]
      ]
    }
  }
  