{
    "num_rounds": 50,
    "loss": [
        [
            1,
            2.216934394836426
        ],
        [
            2,
            1.8788264036178588
        ],
        [
            3,
            1.1677741050720214
        ],
        [
            4,
            0.9280083417892456
        ],
        [
            5,
            0.8196503043174743
        ],
        [
            6,
            0.7804834842681885
        ],
        [
            7,
            0.7373224139213562
        ],
        [
            8,
            0.7904845237731933
        ],
        [
            9,
            0.6887437701225281
        ],
        [
            10,
            0.6584339022636414
        ],
        [
            11,
            0.6740550637245178
        ],
        [
            12,
            0.6673999309539795
        ],
        [
            13,
            0.6004080176353455
        ],
        [
            14,
            0.6404983639717102
        ],
        [
            15,
            0.6482564568519592
        ],
        [
            16,
            0.6514208555221558
        ],
        [
            17,
            0.6337109923362731
        ],
        [
            18,
            0.6090412616729737
        ],
        [
            19,
            0.6129808783531189
        ],
        [
            20,
            0.5784258008003235
        ],
        [
            21,
            0.5558623194694519
        ],
        [
            22,
            0.5676566064357758
        ],
        [
            23,
            0.5619393944740295
        ],
        [
            24,
            0.5554251849651337
        ],
        [
            25,
            0.5355882048606873
        ],
        [
            26,
            0.5470670342445374
        ],
        [
            27,
            0.5652214288711548
        ],
        [
            28,
            0.5440693259239197
        ],
        [
            29,
            0.5431306898593903
        ],
        [
            30,
            0.5572880625724792
        ],
        [
            31,
            0.5433225512504578
        ],
        [
            32,
            0.5306681871414185
        ],
        [
            33,
            0.5244326949119568
        ],
        [
            34,
            0.5276978313922882
        ],
        [
            35,
            0.5028202056884765
        ],
        [
            36,
            0.48002968430519105
        ],
        [
            37,
            0.4707005798816681
        ],
        [
            38,
            0.506220155954361
        ],
        [
            39,
            0.520326429605484
        ],
        [
            40,
            0.4928372859954834
        ],
        [
            41,
            0.4638858437538147
        ],
        [
            42,
            0.45528821349143983
        ],
        [
            43,
            0.4431352913379669
        ],
        [
            44,
            0.4433079183101654
        ],
        [
            45,
            0.48309952616691587
        ],
        [
            46,
            0.4454856634140015
        ],
        [
            47,
            0.49552085995674133
        ],
        [
            48,
            0.45556017756462097
        ],
        [
            49,
            0.46667854189872743
        ],
        [
            50,
            0.45385745763778684
        ]
    ],
    "metrics": {
        "accuracy": [
            [
                1,
                0.21196941463078275
            ],
            [
                2,
                0.45915514635484944
            ],
            [
                3,
                0.634694249493966
            ],
            [
                4,
                0.6514054421759019
            ],
            [
                5,
                0.6819256315149749
            ],
            [
                6,
                0.7232696980346548
            ],
            [
                7,
                0.7351624089966521
            ],
            [
                8,
                0.6942487888538331
            ],
            [
                9,
                0.7565084428116005
            ],
            [
                10,
                0.7632434957640432
            ],
            [
                11,
                0.7498856527167916
            ],
            [
                12,
                0.7439258053652504
            ],
            [
                13,
                0.7823714141689375
            ],
            [
                14,
                0.769960707131136
            ],
            [
                15,
                0.7681105004338198
            ],
            [
                16,
                0.7507854752689745
            ],
            [
                17,
                0.7719937715715217
            ],
            [
                18,
                0.7659666535260462
            ],
            [
                19,
                0.7712545399370686
            ],
            [
                20,
                0.7885565692368851
            ],
            [
                21,
                0.8036147786820604
            ],
            [
                22,
                0.7978588570826706
            ],
            [
                23,
                0.7976706310543488
            ],
            [
                24,
                0.7917707203784113
            ],
            [
                25,
                0.8049014998593066
            ],
            [
                26,
                0.8048279131155066
            ],
            [
                27,
                0.7946081404546237
            ],
            [
                28,
                0.8012280519350974
            ],
            [
                29,
                0.799066744116094
            ],
            [
                30,
                0.7880620825899263
            ],
            [
                31,
                0.7930527726418539
            ],
            [
                32,
                0.8108883737172075
            ],
            [
                33,
                0.8123890123011362
            ],
            [
                34,
                0.8009724101974125
            ],
            [
                35,
                0.8227234450252938
            ],
            [
                36,
                0.8323646528712347
            ],
            [
                37,
                0.8363596340637187
            ],
            [
                38,
                0.8087993797759708
            ],
            [
                39,
                0.8155827291724496
            ],
            [
                40,
                0.8201491888662173
            ],
            [
                41,
                0.8325448099994812
            ],
            [
                42,
                0.8406487069400665
            ],
            [
                43,
                0.8425545937327653
            ],
            [
                44,
                0.8434749661147405
            ],
            [
                45,
                0.8234699473128106
            ],
            [
                46,
                0.8439036676928258
            ],
            [
                47,
                0.8130712289828986
            ],
            [
                48,
                0.8359617098665348
            ],
            [
                49,
                0.8277018271037455
            ],
            [
                50,
                0.8369700821461968
            ]
        ],