{
    "num_rounds": 10,
    "loss": [
      [1, 4.391331481933594],
      [2, 16.748443174362183],
      [3, 1.396228015422821],
      [4, 24.04009293913841],
      [5, 17.470316076278685],
      [6, 55.90653920173645],
      [7, 157.77823638916016],
      [8, null],
      [9, null],
      [10, null]
    ],
    "metrics": {
      
      "accuracy": [
        [1, 0.0970548080857481],
        [2, 0.39676997659905044],
        [3, 0.4322551762709533],
        [4, 0.42416539546978554],
        [5, 0.4215136564699039],
        [6, 0.5154289743641393],
        [7, 0.18665643512280747],
        [8, 0.14634114672938764],
        [9, 0.12278091738116644],
        [10, 0.10382761651202918]
      ],
      "f1_score": [
        [1, 0.0],
        [2, 0.0],
        [3, 0.0],
        [4, 0.0],
        [5, 0.0],
        [6, 0.0],
        [7, 0.0],
        [8, 0.0],
        [9, 0.0],
        [10, 0.0]
      ],
      "precision": [
        [1, 0.0],
        [2, 0.0],
        [3, 0.0],
        [4, 0.0],
        [5, 0.0],
        [6, 0.0],
        [7, 0.0],
        [8, 0.0],
        [9, 0.0],
        [10, 0.0]
      ],
      "recall": [
        [1, 0.0],
        [2, 0.0],
        [3, 0.0],
        [4, 0.0],
        [5, 0.0],
        [6, 0.0],
        [7, 0.0],
        [8, 0.0],
        [9, 0.0],
        [10, 0.0]
      ]
    }
  }
  