{
    "loss": [
      [
        1,
        130.2065231323242
      ],
      [
        2,
        322.8580749511719
      ],
      [
        3,
        8.097145938873291
      ],
      [
        4,
        2.904894161224365
      ],
      [
        5,
        6.174718284606934
      ],
      [
        6,
        287.8754455566406
      ],
      [
        7,
        null
      ],
      [
        8,
        null
      ],
      [
        9,
        null
      ],
      [
        10,
        null
      ]
    ],
    "metrics": {
      "accuracy": [
        [
          1,
          0.5946861118097377
        ],
        [
          2,
          0.5007785255626735
        ],
        [
          3,
          0.1344614875878984
        ],
        [
          4,
          0.09829200525707171
        ],
        [
          5,
          0.10318064389462253
        ],
        [
          6,
          0.11746652563134626
        ],
        [
          7,
          0.08969098804406041
        ],
        [
          8,
          0.10107860177370528
        ],
        [
          9,
          0.09008051670596635
        ],
        [
          10,
          0.10552281523849905
        ]
      ],
      "f1_score": [
        [
          1,
          0.0
        ],
        [
          2,
          0.0
        ],
        [
          3,
          0.0
        ],
        [
          4,
          0.0
        ],
        [
          5,
          0.0
        ],
        [
          6,
          0.0
        ],
        [
          7,
          0.0
        ],
        [
          8,
          0.0
        ],
        [
          9,
          0.0
        ],
        [
          10,
          0.0
        ]
      ],
      "precision": [
        [
          1,
          0.0
        ],
        [
          2,
          0.0
        ],
        [
          3,
          0.0
        ],
        [
          4,
          0.0
        ],
        [
          5,
          0.0
        ],
        [
          6,
          0.0
        ],
        [
          7,
          0.0
        ],
        [
          8,
          0.0
        ],
        [
          9,
          0.0
        ],
        [
          10,
          0.0
        ]
      ],
      "recall": [
        [
          1,
          0.0
        ],
        [
          2,
          0.0
        ],
        [
          3,
          0.0
        ],
        [
          4,
          0.0
        ],
        [
          5,
          0.0
        ],
        [
          6,
          0.0
        ],
        [
          7,
          0.0
        ],
        [
          8,
          0.0
        ],
        [
          9,
          0.0
        ],
        [
          10,
          0.0
        ]
      ]
    }
  }